Paxon,Rives,191-19-3244;;;;
Horatius,Gear,298-90-7520;;;;
Miner,Schrader,320-94-3452;;;;
Kitti,Glinde,213-57-3442;;;;
Gan,Bisson,303-66-4902;;;;
Kikelia,Schonfeld,317-02-7147;;;;
Rachelle,Olney,832-55-0302;;;;
Stirling,Scholler,208-74-5486;;;;
Odella,Hampe,361-65-4592;;;;
Dex,Twyford,416-01-1897;;;;
Gusta,Ciccerale,575-25-4342;;;;
Amalea,Chamberlain,588-57-7536;;;;
Kary,Sills,434-46-1914;;;;
Alphonso,McKeveney,560-98-8179;;;;
Tamara,Bradane,367-51-5192;;;;
Curry,Station,658-06-4102;;;;
Arnie,McPhelimey,221-90-4691;;;;
Blair,Mundee,565-37-2331;;;;
Latrena,Kleinzweig,431-32-8454;;;;
Alison,Bonsey,649-60-7547;;;;
Norah,Jendricke,384-29-5372;;;;
Aldin,Yglesias,882-15-0061;;;;
Elyssa,Harlett,760-16-8547;;;;
Frances,Moro,880-90-8231;;;;
Jackquelin,Hue,801-66-3823;;;;
Si,Eddington,555-73-4564;;;;
Jacki,Barthelet,812-21-4002;;;;
Craggie,Rubin,628-79-5477;;;;
Adaline,Hainsworth,479-89-9611;;;;
Fraser,Assad,565-04-5913;;;;
Willetta,todor,200-23-1449;;;;
Ninetta,Fargie,486-10-7161;;;;
Dniren,Boggers,548-58-0451;;;;
Corbie,Kiendl,672-62-9665;;;;
Emmerich,McMichell,610-70-1130;;;;
Consuela,Kenafaque,597-51-3759;;;;
Ellen,Orriss,461-06-3266;;;;
Lonnie,Chalfain,620-21-4166;;;;
Rosco,Powis,598-13-0704;;;;
Teddie,Nezey,875-71-3004;;;;
Aloisia,Witz,218-75-8535;;;;
Vanya,Boak,645-42-6489;;;;
Duffie,Burghill,176-54-3725;;;;
Kaitlin,Uwins,217-89-7338;;;;
Karalynn,Caccavari,559-88-3336;;;;
Duncan,Ervine,731-57-9679;;;;
Helaine,Mounfield,247-30-1785;;;;
Yves,Flewan,667-50-2513;;;;
Daune,Atcheson,876-92-0234;;;;
Thom,Northover,673-34-5132;;;;
Joelle,Labusquiere,497-64-5686;;;;
Vasili,Klejna,556-56-2593;;;;
Willem,Giorgietto,598-82-6440;;;;
Yule,Manshaw,492-27-9507;;;;
Israel,Mapples,414-78-9151;;;;
Jess,Crumb,508-22-0749;;;;
Suellen,Roskruge,859-69-9302;;;;
Gabi,Grasser,775-09-1801;;;;
Blanca,Flute,601-46-5322;;;;
Stanislas,Kettlestringes,207-38-1690;;;;
Baird,Faustian,180-33-1310;;;;
Honey,Lamyman,554-66-6677;;;;
Ginnifer,Hoble,421-95-0674;;;;
Christoph,Sarfass,864-89-8373;;;;
Emmalynne,Beinisch,204-53-5003;;;;
Zea,Emor,543-23-1552;;;;
Anett,Poynor,648-55-1812;;;;
Abdel,Gilford,122-81-5283;;;;
Laurent,Bagshawe,734-17-0591;;;;
Grissel,Ottosen,703-70-9776;;;;
Edgard,Cookson,299-85-0793;;;;
Morena,Blackett,704-69-9270;;;;
Aubree,Mattea,834-06-6375;;;;
Gabbie,Gatchel,375-23-9253;;;;
Auberon,Dolling,416-72-3053;;;;
Lorita,Tukesby,846-77-1403;;;;
Etta,Ive,148-01-1460;;;;
Lilah,Stebbings,404-92-4066;;;;
Stirling,Dougliss,300-71-8730;;;;
Jere,Deschlein,215-42-8350;;;;
Minerva,Habberjam,855-73-6655;;;;
Crysta,Duffitt,654-25-6745;;;;
Harriette,Velti,774-83-9305;;;;
Dani,Pincott,615-53-8769;;;;
Boyce,McTavy,350-57-6651;;;;
Jard,Cahalan,756-13-2279;;;;
Norry,Wiltsher,832-80-1753;;;;
Rowney,Mainds,579-19-7484;;;;
Olympie,Tembey,280-56-1716;;;;
Salim,Rickis,603-45-9341;;;;
Dulsea,Sackes,582-46-2046;;;;
Linnie,Emes,855-83-2948;;;;
Ferrell,Le feuvre,236-19-8713;;;;
Leslie,Evert,759-64-4910;;;;
Norry,Badsworth,577-49-6775;;;;
Alphonse,Lambie,615-97-3007;;;;
Thia,Danslow,432-50-4247;;;;
Amory,Baversor,605-84-8435;;;;
Doe,Swafford,422-57-2311;;;;
Leoline,Haugg,118-32-0123;;;;
Kenyon,Scoon,185-36-8031;;;;
Joyann,Siemon,632-99-4202;;;;
Tulley,Toke,738-95-3510;;;;
Maddy,Etchells,887-83-9141;;;;
Philomena,Phalip,517-90-7191;;;;
Tessie,Goring,502-57-1751;;;;
Amery,Manns,763-38-6626;;;;
Micah,Anfrey,356-31-6336;;;;
Chane,Balfour,187-87-3690;;;;
Christoph,Rennox,591-41-7860;;;;
Bronny,Perrinchief,487-17-7522;;;;
Gretna,Galvin,516-33-5426;;;;
Glennie,Brigshaw,291-91-1857;;;;
Tamas,Bartlet,390-69-7853;;;;
Tally,Cairney,256-19-1122;;;;
Teador,Smurthwaite,157-12-4951;;;;
Clovis,Bartoloma,313-84-6953;;;;
Doria,Bromby,428-27-8400;;;;
Adaline,Rowthorne,303-81-6995;;;;
Jacynth,Kobpa,401-59-0919;;;;
Addia,Polino,325-12-9401;;;;
Carine,Iskow,824-86-2522;;;;
Alden,Laxton,692-13-4197;;;;
Homere,Easby,453-76-5318;;;;
Allistir,Redmond,457-71-1505;;;;
Alex,Boakes,644-66-2891;;;;
Nariko,Grigoli,461-10-2812;;;;
Kelvin,Barnett,576-97-3319;;;;
Meggi,Wintour,753-21-5112;;;;
Etta,Parham,326-14-9023;;;;
Milly,Buckle,635-31-9965;;;;
See,Wellstead,616-47-5949;;;;
Sidney,Bayley,332-69-6410;;;;
Clarke,Mc Harg,221-66-8552;;;;
Grete,Eminson,768-51-6669;;;;
Silvester,Castiglio,561-35-2761;;;;
Ardath,Sutton,594-12-1861;;;;
Tildie,Haizelden,619-77-7413;;;;
Antoinette,Crummy,105-09-8218;;;;
Joaquin,Massenhove,519-25-7071;;;;
Jandy,Sutherden,538-42-7947;;;;
Jake,Gribble,797-96-3135;;;;
Milly,Grishukov,554-99-1215;;;;
Padriac,Folomkin,481-18-7472;;;;
Berrie,Pauletti,665-10-0017;;;;
Hagen,Olander,188-37-4926;;;;
Katleen,Male,876-66-5408;;;;
Isis,Whelan,302-30-0115;;;;
Anneliese,Adam,349-94-0277;;;;
Benni,Tommei,179-94-1096;;;;
Dotty,De Launde,576-28-0181;;;;
Karee,Longmuir,691-22-7401;;;;
Hubie,Bugg,441-91-6258;;;;
Morty,Ireland,578-53-3400;;;;
Moses,Dwelly,253-46-8039;;;;
Eda,Norvell,520-55-5630;;;;
Amber,Cuckoo,320-81-2873;;;;
Rossy,Tunnick,278-45-4216;;;;
Catie,Bransom,305-13-2527;;;;
Nerissa,Bonus,274-76-1775;;;;
Orlan,Inott,573-76-7210;;;;
Kalina,Laurentino,798-55-1717;;;;
Virginie,Wessell,292-70-8101;;;;
Julieta,Jewel,589-20-7441;;;;
Elie,Prendergrass,216-13-6980;;;;
Heddi,Greaser,563-03-9596;;;;
Sharlene,Rosevear,415-32-7872;;;;
Fanni,Woolford,831-50-9847;;;;
Cynthia,Ivel,818-07-1000;;;;
Hanan,Watkin,564-62-7746;;;;
Patrice,Darrigrand,866-17-3402;;;;
Patrizio,Gilchrist,407-07-8704;;;;
Renelle,Syddie,880-25-2426;;;;
Tonye,Rishman,285-36-7533;;;;
Netty,Bernardes,739-69-3696;;;;
Dix,O'Drought,262-26-5966;;;;
Erminie,Rodgers,893-50-6796;;;;
Maurene,Cromer,876-09-2917;;;;
Sibley,Coates,740-20-6369;;;;
Linn,Kermon,388-73-8925;;;;
Shelden,Goor,520-72-9707;;;;
Pamella,Forrest,473-09-2437;;;;
Niel,Jest,609-59-0804;;;;
Dwain,Gryglewski,154-15-4968;;;;
Lindi,Way,732-38-7670;;;;
Sibel,Gravell,650-91-6134;;;;
Laurence,O'Hagerty,143-80-2375;;;;
Conant,Van Ross,774-45-1598;;;;
Dolf,Brayfield,206-73-8019;;;;
Anabelle,Trevett,894-96-8299;;;;
Lorraine,Beininck,796-31-1667;;;;
Melessa,Ipsgrave,419-62-7162;;;;
Tommie,O'Dowling,182-27-2183;;;;
Warden,Shird,508-67-9853;;;;
Eugenia,Hattersley,822-66-4450;;;;
Jermayne,Rigge,759-08-0212;;;;
Burl,Eckh,140-29-3723;;;;
Carmine,Halpin,469-30-8285;;;;
Abdel,Brooking,612-39-7649;;;;
Brittani,MattiCCI,733-23-1940;;;;
Freeman,Klemmt,863-07-0574;;;;
Erda,Raison,825-80-5897;;;;
Vaughan,Duffie,477-45-7086;;;;
Osmond,Golightly,362-65-5564;;;;
Maegan,Malimoe,618-31-2311;;;;
Lotta,Fradson,661-50-8222;;;;
Gene,Cartwight,872-89-7400;;;;
Kellie,Lynskey,620-18-8393;;;;
Frasquito,Mc Caghan,522-55-2290;;;;
Barnabe,Strang,694-08-4856;;;;
Margette,Cona,497-19-1556;;;;
Hart,Adhams,502-52-6568;;;;
Cheri,Toward,459-65-2050;;;;
Anatola,Bletcher,508-17-3612;;;;
Janot,Beade,744-32-0525;;;;
Merrile,Cassie,634-42-0047;;;;
Ferdinanda,Pedwell,297-31-5553;;;;
Ileana,Iveagh,322-89-7883;;;;
Maighdiln,Pester,207-90-0205;;;;
Raviv,Stallard,220-43-2774;;;;
Iain,Dorking,623-42-0035;;;;
Teresa,Pedroli,757-71-0598;;;;
Vincenty,Pepperell,584-71-7032;;;;
Zacharias,Gillingham,330-23-3631;;;;
Valina,Westcot,398-96-4297;;;;
Meade,O'Keevan,243-39-2369;;;;
Robinson,Scammonden,738-54-6866;;;;
Shelley,Turneaux,185-73-3439;;;;
Sibyl,Laugharne,388-27-3589;;;;
Madelon,Ebbs,208-05-0296;;;;
Eddie,Berzon,518-81-4103;;;;
Juli,Broker,310-53-2631;;;;
Kalli,Fidge,751-83-0724;;;;
Baird,Murkin,560-79-2873;;;;
Roxana,Gumbley,594-21-6688;;;;
Nicolle,Gerrett,124-05-6673;;;;
Ceciley,Berthomieu,677-92-9412;;;;
Maryjo,Mc Comb,463-49-5387;;;;
Aloin,Bousfield,164-24-0836;;;;
Alfi,Munson,556-44-5953;;;;
Betsy,Rentilll,265-45-8781;;;;
Maurise,Aherne,591-66-4268;;;;
Kimball,Pringuer,813-85-1222;;;;
Rebekah,Rosenstengel,234-11-9302;;;;
Aubree,Fagence,738-89-1333;;;;
George,Abbotts,246-96-3166;;;;
Isacco,McClosh,843-52-8722;;;;
Consalve,Dunbobin,722-18-7343;;;;
Geoff,Saffell,148-98-8449;;;;
Donnell,Stansby,344-33-9693;;;;
Orsa,Copnar,349-42-8102;;;;
Rafe,Cowndley,557-36-0926;;;;
Jarrid,Busby,483-21-9389;;;;
Jorie,Vidgeon,305-09-5064;;;;
Sofia,McCumesky,504-24-8163;;;;
Ilyse,Speeks,255-86-8383;;;;
Godfrey,Camelli,292-44-4507;;;;
Krista,Sproul,305-28-8017;;;;
Ellsworth,Coonihan,162-40-7141;;;;
Vinnie,Urquhart,312-83-3326;;;;
Elliott,Killby,672-57-0094;;;;
Alain,Shaw,351-64-0244;;;;
Margarete,Khadir,565-07-1195;;;;
Bertie,Bigmore,314-47-9252;;;;
Fredelia,Capin,749-76-5696;;;;
Karlik,Tidswell,255-12-3082;;;;
Neils,Stollman,239-76-6916;;;;
Peirce,Fills,624-62-0610;;;;
Stevena,Pressnell,853-60-4442;;;;
Benito,Lamb,233-96-3318;;;;
Danny,Hadwick,601-26-9762;;;;
Jens,Trinder,375-72-9200;;;;
Hilarius,Marris,882-87-5933;;;;
Elbertina,Stacey,771-50-0921;;;;
Elvyn,Livezey,276-81-7932;;;;
Cosette,Tomasz,811-34-5141;;;;
Marion,Box,646-33-1309;;;;
Felice,Thornton,468-20-4692;;;;
Winfred,Janouch,796-16-3403;;;;
Bekki,Selcraig,248-38-4346;;;;
Ilsa,Dunphie,751-90-0933;;;;
Derk,Grimmer,477-09-0349;;;;
Faina,Boustead,693-89-4031;;;;
Mirna,Maric,249-17-0510;;;;
Reinald,Seyffert,162-09-5309;;;;
Maxwell,Wittey,713-80-0332;;;;
Shanta,Leather,573-47-6114;;;;
Marya,Kivell,705-99-3499;;;;
Gisella,Brelsford,370-99-5749;;;;
Archibaldo,Dennehy,712-88-1365;;;;
Emmalynn,Lantuffe,522-04-6943;;;;
Inez,Evreux,825-82-5551;;;;
Morty,Eminson,705-35-7823;;;;
Charita,Rolstone,229-11-5832;;;;
Annadiane,Hincks,141-29-6651;;;;
Zacharie,Loseke,253-43-6545;;;;
Corny,Cicchillo,825-80-7030;;;;
Margie,Maynell,466-52-2251;;;;
Maegan,Kearey,215-61-4937;;;;
My,Farren,538-26-6807;;;;
Jaclyn,Godsmark,511-73-8792;;;;
Lonnard,Seleway,626-59-3370;;;;
Lothaire,Skinn,760-40-1415;;;;
Emmerich,Joannic,769-86-4229;;;;
Paul,Speachley,426-81-4072;;;;
Jethro,Shayes,323-81-8222;;;;
Jemmie,Wale,645-13-6787;;;;
Gennie,Mason,158-82-4916;;;;
Christyna,Gofford,615-26-6455;;;;
Bobbe,Form,880-78-3579;;;;
Emanuele,Sketch,136-99-9721;;;;
Sal,McNeill,415-09-2850;;;;
Elvira,Friary,294-46-4450;;;;
Nonnah,Lisamore,101-50-1948;;;;
Janette,Saggers,215-62-2327;;;;
Keslie,Bettison,894-11-4897;;;;
Modesta,Latus,700-10-8515;;;;
Keary,Arkell,285-96-3251;;;;
Georgia,Fahy,804-46-8881;;;;
Giana,Klulicek,559-40-4556;;;;
Lily,Walisiak,743-32-0975;;;;
Marlane,Goldsbury,164-61-4625;;;;
Frieda,Faraday,165-07-5785;;;;
Erminie,Gillespey,543-82-2457;;;;
Clarita,Gowanlock,782-95-9515;;;;
Steward,Crosbie,812-99-8088;;;;
Sheba,Jzak,531-05-5528;;;;
Sauveur,Roswarn,809-35-7012;;;;
Malinde,Saller,751-04-2199;;;;
Hobey,Runnalls,276-22-2678;;;;
Raine,Orviss,268-72-1009;;;;
Adam,Lapides,863-24-7329;;;;
Kelli,Cornforth,682-79-7000;;;;
Consuelo,Leguey,764-38-4768;;;;
Shanta,Marklow,486-78-4838;;;;
Chrystel,Feetham,569-92-6465;;;;
Aeriell,Greenall,185-06-9765;;;;
Malissia,Elwel,406-07-9594;;;;
Zilvia,Kapiloff,235-67-7564;;;;
Lane,Tulley,390-21-1446;;;;
Shantee,Ing,123-74-1723;;;;
Dacia,Vose,564-39-6943;;;;
Sherill,Jaggs,404-55-6594;;;;
Thibaut,Texton,223-12-7734;;;;
Chip,Giberd,139-58-3802;;;;
Maxine,Fenty,487-18-3249;;;;
Base,Dugmore,673-42-7119;;;;
Marcel,Birdsey,252-67-1905;;;;
Kyle,Skerman,229-96-0870;;;;
Garrot,Hembery,559-35-5526;;;;
Audy,Cuppitt,357-23-1473;;;;
Madeleine,Hillyatt,566-78-5949;;;;
Archer,Halpen,770-96-9608;;;;
Cassandry,Drysdell,269-79-8967;;;;
Vincent,Overil,433-33-6948;;;;
Cyrille,Daunay,222-05-0202;;;;
Jacinda,Loveday,349-50-2148;;;;
Lionello,Cantopher,356-16-1907;;;;
Eilis,McVeighty,797-27-2120;;;;
Somerset,Knocker,829-81-7290;;;;
Maurise,Heball,318-09-0743;;;;
Emlen,Hudd,594-98-4105;;;;
Virgina,Lydon,663-88-8449;;;;
Ame,Cree,794-10-9136;;;;
Sayres,Hayhurst,767-49-3231;;;;
Aeriell,MacIan,497-46-9934;;;;
Hubey,Ruscoe,133-11-1799;;;;
Melissa,Tinn,632-94-8233;;;;
Kathrine,Keppel,220-02-4434;;;;
Sidnee,Hamberston,441-49-2201;;;;
Dahlia,Peplaw,532-89-2255;;;;
Barnebas,Kyttor,406-56-9392;;;;
Akim,Piatti,112-09-4309;;;;
Inez,Downer,196-58-0748;;;;
Sharline,Floyd,266-81-8178;;;;
Alley,China,409-92-5014;;;;
Roanna,Suston,114-60-7100;;;;
Gray,Anthony,673-10-7226;;;;
Rory,Piller,522-32-9930;;;;
Thibaud,Delamar,418-89-8303;;;;
Marsha,Coleby,727-13-9520;;;;
Margie,Beautyman,684-10-3973;;;;
Gerry,Eager,424-52-0480;;;;
Cary,Niles,224-42-2308;;;;
Nina,Bantick,276-84-2624;;;;
Myrah,Dawnay,170-52-1897;;;;
Elbertina,Cockburn,199-66-5453;;;;
Sheri,Gorstidge,524-88-7277;;;;
Queenie,Rapo,832-40-7249;;;;
Andrew,Chellam,474-25-6098;;;;
Troy,Lanphere,677-25-1170;;;;
Tuesday,Beckerleg,545-96-9157;;;;
Alvinia,Hayfield,319-27-3470;;;;
Harriet,Loades,652-87-8786;;;;
Noelani,Caurah,882-64-7807;;;;
Bertha,Boodell,299-22-4761;;;;
Gabrila,Lymer,500-22-5399;;;;
Starla,Battrum,636-82-8927;;;;
Kaia,MacTrustram,468-21-1694;;;;
Quintina,Bridgen,531-69-0605;;;;
Magda,Robben,137-74-2046;;;;
Margarita,Dunthorne,497-72-6994;;;;
Dion,Fairrie,205-87-7219;;;;
Gale,Hillyatt,452-83-9048;;;;
Vanny,Gentner,649-53-8156;;;;
Spence,Holyland,458-07-6878;;;;
Claus,Sharram,157-09-7346;;;;
Dorri,Erricker,798-20-5363;;;;
Adella,Evennett,880-65-8462;;;;
Novelia,Langridge,777-49-5547;;;;
Jack,Durtnel,632-71-1604;;;;
Mozelle,Lazarus,830-87-4861;;;;
Lissy,Soulsby,475-91-5402;;;;
Lowell,Lumpkin,555-96-1916;;;;
Sauncho,Arnaut,649-87-6738;;;;
Clifford,Danovich,676-97-8314;;;;
Cheri,Bibbie,565-43-2448;;;;
Candi,Hughlock,704-70-3867;;;;
Maritsa,Mc Trusty,639-34-5451;;;;
Doris,Gorham,644-70-7658;;;;
Rorie,Klaggeman,703-34-7767;;;;
Natala,Duligal,788-99-8963;;;;
Anna-maria,Tournay,444-17-1573;;;;
Dot,Spir,541-18-5339;;;;
Felicia,McLenahan,514-87-2856;;;;
Kym,Gumey,759-96-2360;;;;
Courtnay,Mulqueeny,483-03-2619;;;;
Fabien,Hidderley,730-94-1194;;;;
Renato,Woolager,123-11-0800;;;;
Marti,McCrainor,863-95-2906;;;;
Arlee,Summergill,567-23-4651;;;;
Amos,Stiddard,619-25-2110;;;;
Bendick,Passey,355-32-7248;;;;
Garek,Stogill,125-88-0823;;;;
Roanne,Bevis,505-02-6455;;;;
Christina,Atack,126-13-4850;;;;
Tommy,Kettow,772-02-8733;;;;
Barth,Weatherhill,397-76-2542;;;;
Connie,Kovalski,262-83-2556;;;;
Rosina,Hawes,408-60-7999;;;;
Cobbie,Pittock,525-12-6996;;;;
Sebastien,Mansuer,550-03-8374;;;;
Kara,Gavaran,834-81-1727;;;;
Allie,Plevin,462-93-7012;;;;
Mirabelle,Duny,417-86-6766;;;;
Biddie,Dodswell,642-52-9591;;;;
Zonda,Petican,244-91-0172;;;;
Elyse,Scanlon,634-57-0257;;;;
Yvor,Seppey,284-68-9721;;;;
Bliss,Georgeson,142-72-2487;;;;
Elisa,Dubber,672-74-4020;;;;
Nanice,Bunce,348-71-2339;;;;
Rollin,Cunah,550-30-4268;;;;
Bronny,Chant,253-60-6897;;;;
Tiena,Danneil,467-02-8362;;;;
Guillema,Seckington,786-94-7634;;;;
Zora,Wade,762-15-0246;;;;
Barnaby,Denisot,650-70-7031;;;;
Garrik,Joynson,614-51-2746;;;;
Lelia,Wiffill,278-95-1153;;;;
Nertie,Dunsmore,372-68-9057;;;;
Louella,Metzke,340-25-2487;;;;
Enrika,Glasspool,542-90-3550;;;;
Jerry,Turbayne,667-76-8936;;;;
Krystalle,Fawlkes,243-78-0882;;;;
Bogart,Kroger,822-13-9433;;;;
Tisha,Vedeneev,133-50-8566;;;;
Herman,Bellow,828-87-5450;;;;
Wally,Macieja,339-83-9349;;;;
Urbain,Glazzard,166-88-0327;;;;
Fairleigh,Messham,733-25-0664;;;;
Berton,Jovey,816-84-1176;;;;
Gratiana,McRoberts,604-42-6938;;;;
Ellary,Boteman,210-09-5859;;;;
Wain,Sigart,242-30-4976;;;;
Sergio,Le feuvre,787-21-6151;;;;
Wenda,Lymer,444-01-5306;;;;
Xena,Writtle,641-94-1044;;;;
Hasty,Maas,589-69-0354;;;;
Shirleen,Roller,385-45-3733;;;;
Betsy,Seth,753-68-1175;;;;
Elladine,Rampage,860-83-0732;;;;
Trudy,Edkins,469-23-2521;;;;
Jane,Boreham,299-25-0318;;;;
Kassandra,Scutt,827-36-7642;;;;
Feliks,Serraillier,193-42-9631;;;;
Lorrin,Bryce,410-32-6370;;;;
Lutero,Loding,276-10-0123;;;;
Val,Jacobovitch,522-77-3775;;;;
Malory,Doylend,170-26-7068;;;;
Sorcha,Jayes,741-33-1070;;;;
Albrecht,Farry,169-55-2126;;;;
Jeanne,Wettern,598-22-3651;;;;
Blondy,Ramalho,337-21-8974;;;;
Lydie,Leipnik,760-65-3701;;;;
Vincenty,Dumpleton,170-58-6034;;;;
Alexandro,Kettlestring,825-53-9780;;;;
Timofei,Cowdery,420-02-2735;;;;
Angil,Gypson,705-26-4504;;;;
Rabi,Janaszkiewicz,473-91-9409;;;;
Nessi,Padginton,851-73-6233;;;;
Rosabelle,Boyington,683-49-1499;;;;
Dulcea,Jowle,765-81-0342;;;;
Anjanette,Stiegers,853-61-9987;;;;
Olia,Yvon,494-93-2099;;;;
Alexine,Strutt,657-68-8741;;;;
Thia,Comins,107-70-6394;;;;
Freeman,Delacour,797-96-9546;;;;
Jackqueline,Sabine,348-23-6842;;;;
Aretha,Jerok,204-50-2692;;;;
Pascal,Mereweather,339-53-2292;;;;
Pavla,Gianetti,894-48-0013;;;;
Bab,Druery,662-39-1517;;;;
Tedie,Spir,737-45-4016;;;;
Jammie,Lanning,303-57-1905;;;;
Ibby,Pepis,544-89-8453;;;;
Candace,Gerrish,201-97-1747;;;;
Fanni,Jerzykiewicz,609-38-8089;;;;
Claudina,Kuhnke,619-45-8344;;;;
Anabal,Coghlin,600-22-0267;;;;
Cherlyn,Broadway,403-15-9937;;;;
Delora,Burdis,852-81-7634;;;;
Nataniel,Krates,322-77-6376;;;;
Christean,Allworthy,845-73-4867;;;;
Vidovic,Winnister,451-98-5045;;;;
Horacio,McAdam,138-34-9503;;;;
Crissie,Bexon,133-02-5712;;;;
Adelice,Drugan,356-79-5811;;;;
Lennard,Enterlein,194-60-5506;;;;
Ellyn,Probbings,788-77-0065;;;;
Julia,Merigon,782-87-7518;;;;
Laryssa,Morbey,391-09-7003;;;;
Orton,Stampe,211-76-3656;;;;
Jeffie,Glasard,109-53-1575;;;;
Gene,Pounder,230-49-2532;;;;
Filbert,Petyakov,342-39-9577;;;;
Craig,MacAscaidh,125-88-8674;;;;
Cynthea,Siccombe,433-92-6582;;;;
Valma,Rodell,364-29-5012;;;;
Tani,Demangeon,566-81-7791;;;;
Cecilla,Deehan,576-38-4892;;;;
Ginevra,Perassi,659-45-0638;;;;
Cosetta,Wicken,754-80-3100;;;;
Jonis,Plaxton,257-97-7116;;;;
Farra,Labern,221-05-5603;;;;
Estevan,Ginie,836-17-6992;;;;
Cordie,Philcox,327-49-7895;;;;
Midge,Corington,349-49-1139;;;;
Elvina,Romaint,327-77-2571;;;;
Lemmy,Beade,315-15-3263;;;;
Genevieve,Skeemer,224-14-5127;;;;
Hasty,Sibbe,453-43-5709;;;;
Lewes,Fynn,709-58-1384;;;;
Glynn,Hatherley,228-99-4319;;;;
Maxine,Willgrass,848-43-2011;;;;
Agata,Houlahan,650-51-6901;;;;
Cedric,Marflitt,589-71-0662;;;;
Delaney,Farrens,608-52-8520;;;;
Margo,Carren,112-37-0493;;;;
Ondrea,Amerighi,499-31-3239;;;;
Tybie,Rubinchik,522-80-6210;;;;
Roshelle,Booler,895-11-9778;;;;
Freeman,Kirk,275-90-3908;;;;
Alexandro,Bosch,544-87-3830;;;;
Joellen,Atton,536-82-3273;;;;
Renato,Daniaud,699-82-6383;;;;
Garnet,Gallihawk,124-66-8989;;;;
Tildie,Donat,840-43-6841;;;;
Fay,Ors,368-09-4040;;;;
Kira,Ellaway,102-64-9182;;;;
Gregoor,Noor,854-40-7331;;;;
Rakel,Panting,307-96-6974;;;;
Amalle,Whybray,136-41-7195;;;;
Mordy,Duchenne,455-31-5258;;;;
Elisha,Killner,642-51-4021;;;;
Jess,Enticott,456-59-1800;;;;
Yvonne,Dufaur,355-48-2840;;;;
Tiffanie,Fumagalli,401-70-2617;;;;
Chane,Storcke,838-13-0790;;;;
Tomi,Mauditt,851-36-0371;;;;
Jillayne,Gammet,654-61-2395;;;;
Linea,Pes,759-28-1061;;;;
Olenka,Webben,586-60-7078;;;;
Gisele,Kinnane,197-26-0029;;;;
Ellwood,Bessent,799-25-1103;;;;
Allayne,Hopkins,715-08-8273;;;;
Callie,Hatzar,720-07-4317;;;;
Richmound,Stanway,867-71-4096;;;;
Trever,Fiddiman,310-14-8182;;;;
Carlie,Beidebeke,860-04-7859;;;;
Kylie,Gladebeck,410-71-3165;;;;
Chaddy,Tupp,571-43-7189;;;;
Paul,Tupman,459-46-3475;;;;
Yvonne,Bourley,508-30-4098;;;;
Lavina,Scrimshire,880-35-5080;;;;
Doll,Verick,775-99-7415;;;;
Luis,Riden,192-38-5685;;;;
Ellsworth,Costelow,171-64-9618;;;;
Daphne,Santos,609-33-8605;;;;
Aeriela,Burtt,562-21-7635;;;;
Karlee,Vido,781-24-7854;;;;
Nealson,Thirlwall,395-38-7481;;;;
Cynthie,Tomenson,296-38-7919;;;;
Goldie,Cornilleau,715-40-7383;;;;
Teressa,Spilling,628-68-6046;;;;
Constancia,Wolpert,568-92-2988;;;;
Herta,Summersett,880-05-7164;;;;
Zenia,Fyfe,720-24-7623;;;;
Elmore,Smoote,186-01-4412;;;;
Papagena,De'Vere - Hunt,339-25-5340;;;;
Abeu,Corsan,368-12-9926;;;;
Beatrisa,Manklow,504-77-7603;;;;
Mariellen,McClory,633-74-9015;;;;
Hatti,Calcut,805-57-0574;;;;
Keely,Rozier,370-09-7429;;;;
Cornell,Lampe,261-03-2069;;;;
Selie,Slorach,831-16-2800;;;;
Milissent,Klulik,454-63-5678;;;;
Paulie,Jurczak,552-96-7063;;;;
Jaime,Fidal,487-98-6438;;;;
Godiva,Tosdevin,764-36-2250;;;;
Storm,Gascone,746-39-2352;;;;
Sigmund,Yude,864-49-3464;;;;
Larissa,Doucette,281-38-8849;;;;
Ninnetta,Pipe,655-40-3661;;;;
Isidor,Benardet,613-63-7285;;;;
Nonah,Shuter,326-65-2908;;;;
Flor,Burgess,508-54-7395;;;;
Lew,Binch,887-97-1872;;;;
Dallas,Belz,638-90-7845;;;;
Lockwood,Plewes,539-28-6388;;;;
Ray,Stoffels,438-43-7789;;;;
Myrah,Olligan,315-41-9157;;;;
Minda,Luis,218-86-7428;;;;
Felix,Schoales,867-15-1327;;;;
Alie,Gummoe,702-38-8560;;;;
Joelly,Eskrigge,751-49-5607;;;;
Edvard,de Vaen,519-47-5967;;;;
Tatiania,Glede,150-41-9902;;;;
Grange,McGinty,655-16-2496;;;;
Lincoln,Brosch,377-58-2302;;;;
Maurene,Fuge,465-46-9033;;;;
Margarette,Bowmer,794-72-6889;;;;
Bertram,Tesmond,620-75-5541;;;;
Merrel,Duck,133-75-8599;;;;
Shannan,Piner,645-54-4392;;;;
Franklyn,Redmire,162-15-2269;;;;
Lowrance,Pizey,322-70-9547;;;;
Amalita,De Gowe,153-17-1383;;;;
Rosaleen,Dripps,460-58-8054;;;;
Justin,Eames,420-97-1934;;;;
Jedidiah,Doldon,858-08-5339;;;;
Moise,Byrth,553-78-4689;;;;
Mechelle,Sinclair,267-12-6917;;;;
Sheela,Bruhke,820-71-6424;;;;
Malena,Pigne,811-09-2465;;;;
Tabbitha,Aylesbury,440-21-4260;;;;
Philis,Casford,620-50-9683;;;;
Dani,VanBrugh,398-85-9230;;;;
Ellissa,Jennens,470-14-8437;;;;
Danya,Maude,787-05-3881;;;;
Nickola,Rikel,456-85-5331;;;;
Charlean,Royan,801-60-8579;;;;
Karena,McCroary,487-22-0896;;;;
Dael,Woolcocks,282-56-2802;;;;
Trixi,Deeney,357-49-4471;;;;
Annabela,Tradewell,624-07-0289;;;;
Donnie,Yuryshev,574-02-6359;;;;
Rustin,Scherer,145-67-2396;;;;
Ferdinand,Petkens,877-13-8314;;;;
Germaine,Bruton,662-44-1764;;;;
Lolita,Gommowe,743-62-6581;;;;
Eolande,Liffey,762-01-2909;;;;
Vallie,Heister,854-88-1570;;;;
Ceil,Vamplers,668-61-2943;;;;
Christan,Klosterman,426-47-8058;;;;
Frieda,Reckless,293-12-6302;;;;
Elly,Morden,221-10-3616;;;;
Graeme,Carnaman,722-16-6388;;;;
Ned,Godin,544-50-8357;;;;
Rooney,Swafford,433-49-0376;;;;
Coralyn,Burman,873-79-0265;;;;
Ettie,Salmen,268-19-3824;;;;
Sibella,Plewman,896-52-5104;;;;
Stanton,Patient,443-43-2164;;;;
Jamison,Screen,828-25-3150;;;;
Hynda,Tewkesbury.,691-19-8231;;;;
Avery,Drivers,647-30-1120;;;;
Ramsey,Pyford,564-09-1196;;;;
Lavinia,Thame,479-36-8116;;;;
Jillana,Oattes,283-50-4070;;;;
Laird,Natalie,430-20-7976;;;;
Harley,Bruckmann,792-86-0371;;;;
Janene,Feron,327-34-1081;;;;
Amata,Abele,603-53-0078;;;;
Mireielle,Abbot,650-95-4995;;;;
Ardys,Stoacley,352-15-0302;;;;
Yulma,Sarle,470-14-0971;;;;
Averyl,Parysowna,518-10-4951;;;;
Fenelia,Arnott,864-96-0109;;;;
Fawne,Blindmann,812-36-7524;;;;
Rowen,Harragin,120-35-0914;;;;
Dody,Mayberry,131-98-4977;;;;
Ringo,Westmacott,489-80-8707;;;;
Iormina,Abbe,784-16-8300;;;;
Delbert,Venturoli,173-84-8670;;;;
Miguela,Battersby,677-95-8100;;;;
Theda,Diter,546-47-7785;;;;
Andrea,Blunderfield,453-37-6003;;;;
Foss,Lambird,687-73-3751;;;;
Cathrin,Josifovitz,484-55-5967;;;;
Forrester,Lambertz,848-91-0473;;;;
Clarice,Gunning,147-86-0138;;;;
Elli,Heffy,809-65-5479;;;;
Christie,Branston,331-05-0747;;;;
Evelin,Skryne,747-32-0858;;;;
Goldarina,MacLaughlin,863-29-7077;;;;
Rasia,Skinn,169-18-6746;;;;
Ricoriki,McQuillan,741-93-6808;;;;
Gerrard,Bicksteth,732-10-1814;;;;
Kerrin,Callaway,479-73-1484;;;;
Clary,Bevens,597-47-6262;;;;
Lanae,Nowland,372-28-1052;;;;
Rhianna,Aubry,419-32-9639;;;;
Mikkel,Boughton,504-29-2683;;;;
Max,Ebhardt,819-67-4154;;;;
Konrad,Southern,253-16-9658;;;;
Patrizia,Kroger,657-64-5028;;;;
Leslie,Winser,761-85-9089;;;;
Keri,Brettell,738-60-9421;;;;
Magdaia,Polon,421-78-1655;;;;
Leonerd,Thelwll,509-37-7840;;;;
Arnie,Iaduccelli,823-38-8967;;;;
Timmie,Habin,160-20-0214;;;;
Lotta,Hunnybun,138-55-2568;;;;
Nicol,Digan,401-72-4187;;;;
Raviv,Wingatt,281-94-7934;;;;
Daisy,Antrum,708-72-5299;;;;
Gustaf,Barnicott,888-33-1447;;;;
Lyndsay,Hawthorn,840-18-4389;;;;
Janek,Everall,234-92-8709;;;;
Nike,Wyrill,502-47-1241;;;;
Pascale,Naisbitt,335-51-3539;;;;
Druci,Rafter,829-95-1428;;;;
Erinna,Habershon,487-33-9088;;;;
Caren,Winn,865-45-7827;;;;
Homer,Ziems,198-50-5625;;;;
Isidro,Habens,612-15-9920;;;;
Killy,Tarbath,455-73-8472;;;;
Lisha,Linstead,133-94-1142;;;;
Franni,Battie,838-62-7100;;;;
Nichols,Dingate,744-49-0506;;;;
Ardene,Jeaneau,276-13-5165;;;;
My,Tippler,416-88-9870;;;;
Crawford,Jerrome,164-64-3305;;;;
Katharyn,Favel,514-43-9681;;;;
Ichabod,Goodday,714-36-2662;;;;
Ana,Kleinhausen,328-09-1767;;;;
Barde,Dronsfield,182-40-1767;;;;
Emalee,Padbery,299-40-4643;;;;
Nikita,Baines,425-84-0923;;;;
Jeffrey,Bleas,513-95-3874;;;;
Harrietta,Mapletoft,108-47-3387;;;;
Faustina,Gillicuddy,106-91-5830;;;;
Matthaeus,Collington,229-07-3481;;;;
Jaine,Sivess,679-49-4956;;;;
Lothaire,Mauser,748-90-2063;;;;
Sasha,Wisby,189-70-6672;;;;
Ezra,Bullus,663-36-1372;;;;
Toby,Boreland,223-30-7757;;;;
Teirtza,Ramey,380-42-6970;;;;
Ailis,Macbane,217-24-0018;;;;
Kort,Whereat,714-28-6318;;;;
Brear,Hailston,878-02-8826;;;;
Sybille,Lawn,792-29-4618;;;;
Halsey,Olech,680-35-1315;;;;
Fanchon,Nevison,102-85-6510;;;;
Mortimer,Paxton,105-69-8862;;;;
Caddric,Weald,140-04-6151;;;;
Jamesy,Andersen,312-15-6777;;;;
Smith,Ghiraldi,330-09-4581;;;;
Ody,Francescone,794-59-9153;;;;
Kassia,Bool,509-49-7126;;;;
Cori,Le Friec,307-39-1731;;;;
Sayer,Sotham,229-52-2018;;;;
Rodie,Camilli,457-60-0797;;;;
Karel,Stevenson,737-74-1254;;;;
Jefferey,Lurcock,839-74-7587;;;;
Gregoire,Golledge,141-84-2878;;;;
Douglass,Kenworth,301-37-5287;;;;
Addi,Lumsdall,777-11-2846;;;;
Mordy,Markushkin,331-21-9703;;;;
Lorette,Gomm,749-76-5350;;;;
Jeremias,Walsh,705-98-8948;;;;
Elbert,de Chastelain,820-24-1517;;;;
Hermia,Fossick,461-55-8030;;;;
Janean,Heighton,136-31-4360;;;;
Reginald,Kite,637-37-1414;;;;
Bil,Cauthra,535-93-3595;;;;
Davina,Jack,490-10-0706;;;;
Emmalee,Austin,436-42-8990;;;;
Almeta,Pickersail,594-76-2375;;;;
Elisabeth,Treweek,599-83-8489;;;;
Ursulina,Middas,251-21-1669;;;;
Clarinda,Ellinor,811-06-3748;;;;
Aloise,Bianco,490-23-2058;;;;
Dominic,Skeffington,817-44-7534;;;;
Parker,Safe,139-89-9981;;;;
Mada,Wallentin,533-28-2707;;;;
Shayne,Hefferon,816-68-1235;;;;
Roze,Wilne,430-66-4605;;;;
Hyatt,Sweeting,151-88-5998;;;;
Marc,Redhouse,693-15-1021;;;;
Robbie,Wasbey,109-92-5742;;;;
Lucie,Cremer,664-98-5561;;;;
Wittie,Danielovitch,793-17-5694;;;;
Sheela,Bounde,269-31-4437;;;;
Luz,Wass,163-53-6736;;;;
Elicia,Dehmel,754-58-9896;;;;
Goran,Byrd,513-56-4992;;;;
Hannah,O'Luney,571-49-6609;;;;
Lolita,Mewburn,642-67-8620;;;;
Xaviera,Late,395-05-3746;;;;
Cristin,Pack,717-93-4832;;;;
Gerome,Gerault,328-86-1432;;;;
Major,Jacquemard,665-87-8348;;;;
Babs,Regitz,323-26-2303;;;;
Edithe,Bigley,153-94-9720;;;;
Florinda,Tunniclisse,781-82-9228;;;;
Conroy,Haxbie,664-76-2907;;;;
Timotheus,Gilliard,601-30-9473;;;;
Lesly,Lynock,216-20-8732;;;;
Annabela,Bourget,778-74-4658;;;;
Merrie,Stranieri,465-77-8670;;;;
Barnaby,Lillecrap,584-78-0200;;;;
Meade,Castanares,661-26-2652;;;;
Konrad,Toolan,572-81-3094;;;;
Lanae,Eddow,236-06-4148;;;;
Biddy,Greeves,793-86-9386;;;;
Melloney,Antoney,672-88-1777;;;;
Regina,Kean,720-42-7701;;;;
Gannie,Wolfart,436-85-9071;;;;
Sam,Polly,411-08-1842;;;;
Corry,Radley,150-44-3694;;;;
Rivkah,Mazzey,621-93-2266;;;;
Caldwell,Poff,175-07-0892;;;;
Muffin,Hannent,598-75-8377;;;;
Amandi,Tesdale,797-84-3565;;;;
Daloris,Raisbeck,897-42-7101;;;;
Nikolia,Hutt,490-16-0440;;;;
Mel,Kubalek,255-04-2244;;;;
Roddy,Dedden,894-32-5813;;;;
Katha,Toolin,307-69-6835;;;;
Melosa,Brosel,220-46-8969;;;;
Benson,Lorkings,322-52-8199;;;;
Cazzie,Fishbourne,211-38-7514;;;;
Geoffrey,Newvell,392-81-3698;;;;
Boone,Abramowitz,361-40-9305;;;;
Glendon,Gutowska,794-71-8705;;;;
Trixi,Clipston,364-82-5271;;;;
Casie,Clews,714-33-1742;;;;
Alair,Hauch,637-09-5598;;;;
Kele,Tatum,227-67-7082;;;;
Dionysus,Woodhams,742-43-3294;;;;
Darsie,Copozio,319-63-9741;;;;
Danni,Parfett,534-10-3338;;;;
Jewel,Ducham,203-52-1729;;;;
Kettie,Bowller,840-56-8865;;;;
Jermayne,Ivashov,528-18-2260;;;;
Edita,Heck,134-23-8103;;;;
Fidela,Semerad,404-20-9668;;;;
Dody,Hair,453-77-7749;;;;
Danica,Janusik,688-24-4393;;;;
Hedy,Pittwood,105-84-1381;;;;
Ericha,Bentson,119-24-4036;;;;
Vannie,Alesio,397-49-2711;;;;
Bibbye,Landells,529-86-1647;;;;
Berta,Ingles,579-67-4622;;;;
Rosaleen,Hanhard,274-95-6895;;;;
Netti,Karlik,864-15-2929;;;;
Tonye,Espinas,365-79-2125;;;;
Ware,Grimsey,496-67-4012;;;;
Marlee,Giddons,266-41-0604;;;;
Libby,Willingale,895-47-1219;;;;
Griselda,Stiff,272-75-9212;;;;
Mathilda,Goreisr,171-40-7939;;;;
Judye,Gillis,260-30-2558;;;;
Sheilakathryn,Donaho,380-41-0009;;;;
Thibaud,Dri,302-94-6087;;;;
Nathalie,Ferrai,419-34-7371;;;;
Konstantin,Whitelaw,127-31-9013;;;;
Silvie,Longina,167-50-6173;;;;
Ralph,Christley,284-63-6485;;;;
Myrtle,Salvidge,270-60-3388;;;;
Bearnard,Dotson,179-06-6110;;;;
Lorilyn,Longhorne,595-44-0041;;;;
Chauncey,Fawkes,126-70-6125;;;;
Ernst,Dayes,239-51-3768;;;;
Christalle,Verrell,285-52-6653;;;;
Marsh,Mawby,605-82-6379;;;;
Cairistiona,Cookman,233-55-4062;;;;
Luce,Dungey,231-75-2172;;;;
Arabel,Luparti,503-09-3234;;;;
Joan,Coners,162-25-9799;;;;
Katrinka,Lethcoe,173-02-1923;;;;
Kriste,Zorzin,320-81-4197;;;;
Arliene,Rex,546-92-8719;;;;
Andriana,Walworth,766-39-9257;;;;
Kerwin,Kenright,366-67-1708;;;;
Glenda,Campsall,533-11-0081;;;;
Enrique,Engledow,104-72-8116;;;;
Isiahi,Telezhkin,791-31-4799;;;;
Delinda,Fantone,103-58-8062;;;;
Charles,Tarquini,120-23-9629;;;;
Susette,Mussington,452-57-8019;;;;
Jeffrey,Petrussi,139-28-1553;;;;
Giovanni,MacNalley,592-73-5337;;;;
Joly,Pendrid,128-50-4613;;;;
Sigfrid,Stockey,866-71-9731;;;;
Giana,O'Loughnan,631-89-0689;;;;
Dacia,Yuranovev,639-30-3857;;;;
Tabb,Burfitt,278-10-7264;;;;
Aprilette,Loffhead,528-98-4559;;;;
Emmy,Gronav,688-13-2873;;;;
Salome,Strivens,323-19-4185;;;;
Reynolds,Sellman,734-95-9355;;;;
Wadsworth,MacArthur,778-46-3605;;;;
Killy,Neilly,863-53-9908;;;;
Steffane,Bassham,157-65-5495;;;;
Forrest,Twidale,574-08-9050;;;;
Shir,Amberson,703-76-1367;;;;
Frasier,Clapham,767-53-2669;;;;
Banky,Seamon,724-32-7636;;;;
Scott,Salamon,644-93-9298;;;;
Charisse,McLewd,367-51-2825;;;;
Earlie,Sturgis,509-03-5291;;;;
Leshia,Staniford,429-52-1098;;;;
Lennie,Van Arsdall,779-09-9495;;;;
Tristan,Witheridge,276-65-2828;;;;
Fallon,Styant,868-43-6717;;;;
Emilio,Soal,413-31-4921;;;;
Corinna,Tzar,108-23-5296;;;;
Harli,Zavattieri,576-63-7279;;;;
Hamid,Trippett,682-15-2669;;;;
Hendrick,Malpas,361-57-2945;;;;
Zarla,Glasson,830-66-2466;;;;
Brenna,Reucastle,390-95-7883;;;;
Sergio,Jagoe,717-51-6888;;;;
Benoit,Lethem,440-86-9385;;;;
Joanne,Gowdridge,866-02-0537;;;;
Vita,Sutton,440-42-3602;;;;
Ainslie,Philott,471-01-6540;;;;
Eloisa,Bengoechea,450-33-9400;;;;
Belvia,Elgie,468-20-8542;;;;
Ruthanne,Apthorpe,499-38-2192;;;;
Papageno,Lorraway,343-94-2154;;;;
Rolando,Barczewski,295-98-6420;;;;
Jae,Pedrielli,430-56-2406;;;;
Batsheva,Vassar,238-49-0800;;;;
Oriana,Mardee,570-60-9716;;;;
Geri,Matthaus,425-01-9710;;;;
Joby,Bogaert,733-44-7214;;;;
Everett,Effemy,888-64-9224;;;;
Murielle,Haggish,686-15-7202;;;;
Karyn,Poat,546-70-5378;;;;
Kassia,Silburn,633-88-7729;;;;
Amalle,Waitland,132-17-1058;;;;
Raul,Fairlie,713-23-1324;;;;
Joanie,Sandercock,870-48-5658;;;;
Barde,Poli,356-50-1472;;;;
Garrik,Janes,309-96-2839;;;;
Sigismundo,Duran,138-26-5579;;;;
Devin,Sazio,365-95-6398;;;;
Kendall,Randales,289-01-1444;;;;
Ritchie,Roblin,292-21-5805;;;;
Dalis,Foard,862-19-1269;;;;
Horatio,Pentecost,784-77-1409;;;;
Ross,Rainforth,610-01-7553;;;;
Chrissie,Llop,478-36-3186;;;;
Lottie,Robbel,858-01-6293;;;;
Kimmie,Edgeler,530-40-3708;;;;
Bell,Yankishin,541-62-2963;;;;
Raffarty,Wingar,561-27-0771;;;;
Holly,Batey,699-78-5638;;;;
Fulton,Berkelay,554-04-3202;;;;
Devan,Graver,469-34-4025;;;;
Thane,Muehle,461-60-2770;;;;
Neddy,Greenan,337-70-2610;;;;
Haley,Fechnie,511-99-2859;;;;
Rhonda,Meechan,811-54-5320;;;;
Devin,Pycock,853-99-5143;;;;
Barney,Skinner,475-21-3990;;;;
Mathian,Yarrell,464-44-2453;;;;
Corella,Andriveau,198-93-7113;;;;
Verene,Attac,406-69-6415;;;;
Tania,Whitebrook,407-84-8438;;;;
Harley,Boss,152-69-6664;;;;
Sig,Reichartz,724-11-2552;;;;
Ambrose,Pindell,169-39-8243;;;;
Rubi,Judge,395-78-5621;;;;
